Method,RMSE
SVD1,0.8720025415117734
SVD2,0.869276014058865
NMF,0.872497542740409
SGD1,0.9035035023514664
SGD2,0.885613379135009
SVD rounded,0.9174581584091859
