r,rmse_0,rmse_global_mean,rmse_row_means,rmse_means_weighted
1,3.0950693337138215,1.0287525085364195,0.9256852174870123,0.8886787846190778
2,3.0104126246245646,1.0287715308596868,0.9257036955318426,0.8887010676634678
