r,rmse_0,rmse_global_mean,rmse_row_means,rmse_means_weighted
1,3.0950692377174054,1.0287525085365872,0.9256852174870327,0.8886787846217721
2,3.006213814408851,1.0043042630269396,0.9043291019588385,0.8828888862126703
