r,rmse_0,rmse_global_mean,rmse_row_means,rmse_means_weighted
1,3.0889941229075153,0.9438634435800417,0.8805360616874676,0.8772826497390563
2,2.9971918558747386,0.9377761052926867,0.879664205283546,0.8745579683141482
